segundo,emocion_facial,emocion_texto,transcripcion,congruencia
0,fear,anger,ýýAdiýýs!,INCONGRUENCIA
1,happy,anger,ýýAdiýýs!,INCONGRUENCIA
2,neutral,anger,ýýAdiýýs!,INCONGRUENCIA
3,angry,neutral,[Silencio],No aplicable
4,surprise,neutral,[Silencio],No aplicable
5,fear,neutral,[Silencio],No aplicable
6,fear,neutral,[Silencio],No aplicable
7,fear,neutral,[Silencio],No aplicable
8,fear,neutral,[Silencio],No aplicable
9,fear,neutral,[Silencio],No aplicable
10,happy,neutral,[Silencio],No aplicable
11,sad,fear,"Hace unos dï¿½ï¿½ï¿½ï¿½ï¿½ï¿½ï¿½ï¿½ï¿½ï¿½ï¿½ï¿½ï¿½ï¿½ï¿½ï¿½ï¿½ï¿½as le preguntan mi mamï¿½ï¿½ï¿½ï¿",INCONGRUENCIA
12,sad,fear,"Hace unos dï¿½ï¿½ï¿½ï¿½ï¿½ï¿½ï¿½ï¿½ï¿½ï¿½ï¿½ï¿½ï¿½ï¿½ï¿½ï¿½ï¿½ï¿½as le preguntan mi mamï¿½ï¿½ï¿½ï¿",INCONGRUENCIA
13,neutral,fear,"Hace unos dï¿½ï¿½ï¿½ï¿½ï¿½ï¿½ï¿½ï¿½ï¿½ï¿½ï¿½ï¿½ï¿½ï¿½ï¿½ï¿½ï¿½ï¿½as le preguntan mi mamï¿½ï¿½ï¿½ï¿",INCONGRUENCIA
14,happy,fear,"Hace unos dï¿½ï¿½ï¿½ï¿½ï¿½ï¿½ï¿½ï¿½ï¿½ï¿½ï¿½ï¿½ï¿½ï¿½ï¿½ï¿½ï¿½ï¿½as le preguntan mi mamï¿½ï¿½ï¿½ï¿",INCONGRUENCIA
15,fear,fear,"Hace unos dï¿½ï¿½ï¿½ï¿½ï¿½ï¿½ï¿½ï¿½ï¿½ï¿½ï¿½ï¿½ï¿½ï¿½ï¿½ï¿½ï¿½ï¿½as le preguntan mi mamï¿½ï¿½ï¿½ï¿",Congruente
16,happy,fear,"Hace unos dï¿½ï¿½ï¿½ï¿½ï¿½ï¿½ï¿½ï¿½ï¿½ï¿½ï¿½ï¿½ï¿½ï¿½ï¿½ï¿½ï¿½ï¿½as le preguntan mi mamï¿½ï¿½ï¿½ï¿",INCONGRUENCIA
17,neutral,neutral,partido de sus redes sociales?,Congruente
18,happy,neutral,partido de sus redes sociales?,INCONGRUENCIA
19,fear,neutral,Entonces solo 30 segundos.,INCONGRUENCIA
20,happy,neutral,Entonces solo 30 segundos.,INCONGRUENCIA
21,fear,neutral,[Silencio],No aplicable
22,fear,neutral,Poco me dijo.,INCONGRUENCIA
23,fear,neutral,Poco me dijo.,INCONGRUENCIA
24,happy,neutral,"Y asï¿½ï¿½ï¿½ï¿½ï¿½ï¿½ï¿½ï¿½ï¿½ï¿½ï¿½ï¿½ï¿½ï¿½ï¿½ï¿½ï¿½ï¿½ com",INCONGRUENCIA
25,neutral,neutral,"Y asï¿½ï¿½ï¿½ï¿½ï¿½ï¿½ï¿½ï¿½ï¿½ï¿½ï¿½ï¿½ï¿½ï¿½ï¿½ï¿½ï¿½ï¿½ com",Congruente
26,fear,neutral,"Y asï¿½ï¿½ï¿½ï¿½ï¿½ï¿½ï¿½ï¿½ï¿½ï¿½ï¿½ï¿½ï¿½ï¿½ï¿½ï¿½ï¿½ï¿½ com",INCONGRUENCIA
27,angry,neutral,"Y asï¿½ï¿½ï¿½ï¿½ï¿½ï¿½ï¿½ï¿½ï¿½ï¿½ï¿½ï¿½ï¿½ï¿½ï¿½ï¿½ï¿½ï¿½ com",INCONGRUENCIA
28,fear,neutral,"Y asï¿½ï¿½ï¿½ï¿½ï¿½ï¿½ï¿½ï¿½ï¿½ï¿½ï¿½ï¿½ï¿½ï¿½ï¿½ï¿½ï¿½ï¿½ com",INCONGRUENCIA
29,sad,neutral,[Silencio],No aplicable
30,angry,neutral,"Si llegaba a conocer al menos 10 cosas de una persona en esos 30 segundos,",INCONGRUENCIA
31,sad,neutral,"Si llegaba a conocer al menos 10 cosas de una persona en esos 30 segundos,",INCONGRUENCIA
32,neutral,neutral,"Si llegaba a conocer al menos 10 cosas de una persona en esos 30 segundos,",Congruente
33,angry,neutral,"Si llegaba a conocer al menos 10 cosas de una persona en esos 30 segundos,",INCONGRUENCIA
34,sad,neutral,"Si llegaba a conocer al menos 10 cosas de una persona en esos 30 segundos,",INCONGRUENCIA
35,neutral,neutral,"Si llegaba a conocer al menos 10 cosas de una persona en esos 30 segundos,",Congruente
36,fear,fear,me comï¿½ï¿½ï¿½ï¿½ï¿½ï¿½ï¿½ï¿½ï¿½ï¿½ï¿½ï¿½ï¿½ï¿½ï¿½ï¿½ï¿½ï¿½a,Congruente
37,happy,fear,me comï¿½ï¿½ï¿½ï¿½ï¿½ï¿½ï¿½ï¿½ï¿½ï¿½ï¿½ï¿½ï¿½ï¿½ï¿½ï¿½ï¿½ï¿½a,INCONGRUENCIA
38,fear,fear,me comï¿½ï¿½ï¿½ï¿½ï¿½ï¿½ï¿½ï¿½ï¿½ï¿½ï¿½ï¿½ï¿½ï¿½ï¿½ï¿½ï¿½ï¿½a,Congruente
39,fear,neutral,[Silencio],No aplicable
40,angry,fear,Imagï¿½ï¿½ï¿½ï¿½ï¿½ï¿½ï¿½ï¿½ï¿½ï¿½ï¿½ï¿,INCONGRUENCIA
41,sad,fear,Imagï¿½ï¿½ï¿½ï¿½ï¿½ï¿½ï¿½ï¿½ï¿½ï¿½ï¿½ï¿,INCONGRUENCIA
42,happy,fear,Imagï¿½ï¿½ï¿½ï¿½ï¿½ï¿½ï¿½ï¿½ï¿½ï¿½ï¿½ï¿,INCONGRUENCIA
43,disgust,neutral,[Silencio],No aplicable
44,sad,sadness,Puse el cronï¿½ï¿½ï¿½ï¿½ï¿½ï¿½ï¿½ï¿½ï¿½ï¿½ï¿½ï,Congruente
45,neutral,sadness,Puse el cronï¿½ï¿½ï¿½ï¿½ï¿½ï¿½ï¿½ï¿½ï¿½ï¿½ï¿½ï,INCONGRUENCIA
46,sad,sadness,Puse el cronï¿½ï¿½ï¿½ï¿½ï¿½ï¿½ï¿½ï¿½ï¿½ï¿½ï¿½ï,Congruente
47,angry,neutral,Escribe una letra al azar y entra en el primer perfil que apareciï¿½,INCONGRUENCIA
48,angry,neutral,Escribe una letra al azar y entra en el primer perfil que apareciï¿½,INCONGRUENCIA
49,fear,neutral,Escribe una letra al azar y entra en el primer perfil que apareciï¿½,INCONGRUENCIA
50,neutral,neutral,Arranque hasta el que arranque a ver todo lo que esa persona habï¿½ï¿½ï¿½ï¿½ï¿½ï¿½ï¿½ï¿½ï¿½ï¿,Congruente
51,happy,neutral,Arranque hasta el que arranque a ver todo lo que esa persona habï¿½ï¿½ï¿½ï¿½ï¿½ï¿½ï¿½ï¿½ï¿½ï¿,INCONGRUENCIA
52,sad,neutral,Arranque hasta el que arranque a ver todo lo que esa persona habï¿½ï¿½ï¿½ï¿½ï¿½ï¿½ï¿½ï¿½ï¿½ï¿,INCONGRUENCIA
53,sad,neutral,Arranque hasta el que arranque a ver todo lo que esa persona habï¿½ï¿½ï¿½ï¿½ï¿½ï¿½ï¿½ï¿½ï¿½ï¿,INCONGRUENCIA
54,sad,neutral,Arranque hasta el que arranque a ver todo lo que esa persona habï¿½ï¿½ï¿½ï¿½ï¿½ï¿½ï¿½ï¿½ï¿½ï¿,INCONGRUENCIA
55,sad,neutral,[Silencio],No aplicable
56,sad,neutral,Resulta que no una chica que hace mï¿½ï¿½ï¿½ï¿½ï¿½ï¿½ï¿½ï¿½ï¿½ï¿½ï¿½ï¿½ï¿½ï¿½ï¿½ï¿½ï¿½ï¿½s o menos un mes ha,INCONGRUENCIA
57,sad,neutral,Resulta que no una chica que hace mï¿½ï¿½ï¿½ï¿½ï¿½ï¿½ï¿½ï¿½ï¿½ï¿½ï¿½ï¿½ï¿½ï¿½ï¿½ï¿½ï¿½ï¿½s o menos un mes ha,INCONGRUENCIA
58,sad,neutral,Resulta que no una chica que hace mï¿½ï¿½ï¿½ï¿½ï¿½ï¿½ï¿½ï¿½ï¿½ï¿½ï¿½ï¿½ï¿½ï¿½ï¿½ï¿½ï¿½ï¿½s o menos un mes ha,INCONGRUENCIA
59,sad,neutral,Resulta que no una chica que hace mï¿½ï¿½ï¿½ï¿½ï¿½ï¿½ï¿½ï¿½ï¿½ï¿½ï¿½ï¿½ï¿½ï¿½ï¿½ï¿½ï¿½ï¿½s o menos un mes ha,INCONGRUENCIA
60,neutral,neutral,Resulta que no una chica que hace mï¿½ï¿½ï¿½ï¿½ï¿½ï¿½ï¿½ï¿½ï¿½ï¿½ï¿½ï¿½ï¿½ï¿½ï¿½ï¿½ï¿½ï¿½s o menos un mes ha,Congruente
61,sad,neutral,[Silencio],No aplicable
62,neutral,neutral,"Atras habï¿½ï¿½ï¿½ï¿½ï¿½ï¿½ï¿½ï¿½ï¿½ï¿½ï¿½ï¿½ï¿½ï¿½ï¿½ï¿½ï¿½ï¿½a un montï¿½ï¿½ï¿½ï¿½ï¿½ï¿½ï¿½ï",Congruente
63,neutral,neutral,"Atras habï¿½ï¿½ï¿½ï¿½ï¿½ï¿½ï¿½ï¿½ï¿½ï¿½ï¿½ï¿½ï¿½ï¿½ï¿½ï¿½ï¿½ï¿½a un montï¿½ï¿½ï¿½ï¿½ï¿½ï¿½ï¿½ï",Congruente
64,fear,neutral,"Atras habï¿½ï¿½ï¿½ï¿½ï¿½ï¿½ï¿½ï¿½ï¿½ï¿½ï¿½ï¿½ï¿½ï¿½ï¿½ï¿½ï¿½ï¿½a un montï¿½ï¿½ï¿½ï¿½ï¿½ï¿½ï¿½ï",INCONGRUENCIA
65,neutral,neutral,"Atras habï¿½ï¿½ï¿½ï¿½ï¿½ï¿½ï¿½ï¿½ï¿½ï¿½ï¿½ï¿½ï¿½ï¿½ï¿½ï¿½ï¿½ï¿½a un montï¿½ï¿½ï¿½ï¿½ï¿½ï¿½ï¿½ï",Congruente
66,sad,neutral,"Atras habï¿½ï¿½ï¿½ï¿½ï¿½ï¿½ï¿½ï¿½ï¿½ï¿½ï¿½ï¿½ï¿½ï¿½ï¿½ï¿½ï¿½ï¿½a un montï¿½ï¿½ï¿½ï¿½ï¿½ï¿½ï¿½ï",INCONGRUENCIA
67,happy,neutral,[Silencio],No aplicable
68,neutral,neutral,Asï¿½ï¿½ï¿½ï¿½ï¿½ï¿½ï¿½ï¿½ï¿½ï¿½ï¿½ï¿½ï¿½ï¿½ï¿½ï¿,Congruente
69,sad,neutral,Asï¿½ï¿½ï¿½ï¿½ï¿½ï¿½ï¿½ï¿½ï¿½ï¿½ï¿½ï¿½ï¿½ï¿½ï¿½ï¿,INCONGRUENCIA
70,happy,neutral,Asï¿½ï¿½ï¿½ï¿½ï¿½ï¿½ï¿½ï¿½ï¿½ï¿½ï¿½ï¿½ï¿½ï¿½ï¿½ï¿,INCONGRUENCIA
71,neutral,neutral,[Silencio],No aplicable
72,angry,neutral,Entre sus publicaciones habï¿½ï¿½ï¿½ï¿½ï¿½ï¿½ï¿½ï¿½ï¿½ï¿½ï¿½ï¿½ï¿½ï¿½ï¿½ï¿½ï¿½,INCONGRUENCIA
73,sad,neutral,Entre sus publicaciones habï¿½ï¿½ï¿½ï¿½ï¿½ï¿½ï¿½ï¿½ï¿½ï¿½ï¿½ï¿½ï¿½ï¿½ï¿½ï¿½ï¿½,INCONGRUENCIA
74,sad,neutral,Entre sus publicaciones habï¿½ï¿½ï¿½ï¿½ï¿½ï¿½ï¿½ï¿½ï¿½ï¿½ï¿½ï¿½ï¿½ï¿½ï¿½ï¿½ï¿½,INCONGRUENCIA
75,neutral,neutral,Entre sus publicaciones habï¿½ï¿½ï¿½ï¿½ï¿½ï¿½ï¿½ï¿½ï¿½ï¿½ï¿½ï¿½ï¿½ï¿½ï¿½ï¿½ï¿½,Congruente
76,happy,neutral,esta chica le reï¿½ï¿½ï¿½ï¿,INCONGRUENCIA
77,happy,neutral,esta chica le reï¿½ï¿½ï¿½ï¿,INCONGRUENCIA
78,neutral,neutral,Cosa que despuï¿½ï¿½ï¿½ï¿½ï¿½ï¿½ï¿½ï¿½ï¿½ï¿½ï¿½ï¿½ï¿½ï¿½ï¿½ï¿½ï¿½ï¿½s puede confirma,Congruente
79,neutral,neutral,Cosa que despuï¿½ï¿½ï¿½ï¿½ï¿½ï¿½ï¿½ï¿½ï¿½ï¿½ï¿½ï¿½ï¿½ï¿½ï¿½ï¿½ï¿½ï¿½s puede confirma,Congruente
80,neutral,neutral,Cosa que despuï¿½ï¿½ï¿½ï¿½ï¿½ï¿½ï¿½ï¿½ï¿½ï¿½ï¿½ï¿½ï¿½ï¿½ï¿½ï¿½ï¿½ï¿½s puede confirma,Congruente
81,happy,neutral,Cosa que despuï¿½ï¿½ï¿½ï¿½ï¿½ï¿½ï¿½ï¿½ï¿½ï¿½ï¿½ï¿½ï¿½ï¿½ï¿½ï¿½ï¿½ï¿½s puede confirma,INCONGRUENCIA
82,neutral,neutral,Cosa que despuï¿½ï¿½ï¿½ï¿½ï¿½ï¿½ï¿½ï¿½ï¿½ï¿½ï¿½ï¿½ï¿½ï¿½ï¿½ï¿½ï¿½ï¿½s puede confirma,Congruente
83,happy,neutral,[Silencio],No aplicable
84,angry,neutral,"Entonces se iba bajando y escurir que quienes uno, obviamente, antes,",INCONGRUENCIA
85,fear,neutral,"Entonces se iba bajando y escurir que quienes uno, obviamente, antes,",INCONGRUENCIA
86,sad,neutral,"Entonces se iba bajando y escurir que quienes uno, obviamente, antes,",INCONGRUENCIA
87,angry,neutral,"Entonces se iba bajando y escurir que quienes uno, obviamente, antes,",INCONGRUENCIA
88,sad,neutral,"Entonces se iba bajando y escurir que quienes uno, obviamente, antes,",INCONGRUENCIA
89,happy,neutral,"Entonces se iba bajando y escurir que quienes uno, obviamente, antes,",INCONGRUENCIA
90,sad,neutral,era su mejor amigo.,INCONGRUENCIA
91,happy,neutral,[Silencio],No aplicable
92,happy,neutral,Que es una chica trans que eres el colegio el aï¿½ï¿½ï¿½ï¿½ï¿½ï¿½ï¿½ï¿½ï¿½ï¿½ï¿½ï¿½ï¿½ï¿½ï¿½ï¿½ï¿½ï¿½o p,INCONGRUENCIA
93,neutral,neutral,Que es una chica trans que eres el colegio el aï¿½ï¿½ï¿½ï¿½ï¿½ï¿½ï¿½ï¿½ï¿½ï¿½ï¿½ï¿½ï¿½ï¿½ï¿½ï¿½ï¿½ï¿½o p,Congruente
94,neutral,neutral,Que es una chica trans que eres el colegio el aï¿½ï¿½ï¿½ï¿½ï¿½ï¿½ï¿½ï¿½ï¿½ï¿½ï¿½ï¿½ï¿½ï¿½ï¿½ï¿½ï¿½ï¿½o p,Congruente
95,sad,neutral,Que es una chica trans que eres el colegio el aï¿½ï¿½ï¿½ï¿½ï¿½ï¿½ï¿½ï¿½ï¿½ï¿½ï¿½ï¿½ï¿½ï¿½ï¿½ï¿½ï¿½ï¿½o p,INCONGRUENCIA
96,sad,neutral,Que es una chica trans que eres el colegio el aï¿½ï¿½ï¿½ï¿½ï¿½ï¿½ï¿½ï¿½ï¿½ï¿½ï¿½ï¿½ï¿½ï¿½ï¿½ï¿½ï¿½ï¿½o p,INCONGRUENCIA
97,neutral,neutral,"Y entre todo eso tambiï¿½ï¿½ï¿½ï¿½ï¿½ï¿½ï¿½ï¿½ï¿½ï¿½ï¿½ï¿½ï¿½ï¿½ï¿½ï¿½ï¿½ï¿½n pude ver que es una persona m",Congruente
98,sad,neutral,"Y entre todo eso tambiï¿½ï¿½ï¿½ï¿½ï¿½ï¿½ï¿½ï¿½ï¿½ï¿½ï¿½ï¿½ï¿½ï¿½ï¿½ï¿½ï¿½ï¿½n pude ver que es una persona m",INCONGRUENCIA
99,sad,neutral,"Y entre todo eso tambiï¿½ï¿½ï¿½ï¿½ï¿½ï¿½ï¿½ï¿½ï¿½ï¿½ï¿½ï¿½ï¿½ï¿½ï¿½ï¿½ï¿½ï¿½n pude ver que es una persona m",INCONGRUENCIA
100,fear,neutral,"Y entre todo eso tambiï¿½ï¿½ï¿½ï¿½ï¿½ï¿½ï¿½ï¿½ï¿½ï¿½ï¿½ï¿½ï¿½ï¿½ï¿½ï¿½ï¿½ï¿½n pude ver que es una persona m",INCONGRUENCIA
101,happy,neutral,"Y entre todo eso tambiï¿½ï¿½ï¿½ï¿½ï¿½ï¿½ï¿½ï¿½ï¿½ï¿½ï¿½ï¿½ï¿½ï¿½ï¿½ï¿½ï¿½ï¿½n pude ver que es una persona m",INCONGRUENCIA
102,neutral,neutral,"Y entre todo eso tambiï¿½ï¿½ï¿½ï¿½ï¿½ï¿½ï¿½ï¿½ï¿½ï¿½ï¿½ï¿½ï¿½ï¿½ï¿½ï¿½ï¿½ï¿½n pude ver que es una persona m",Congruente
103,neutral,neutral,O sea que es muy respetuosa con el medio ambiente.,Congruente
104,neutral,neutral,O sea que es muy respetuosa con el medio ambiente.,Congruente
105,neutral,neutral,[Silencio],No aplicable
106,neutral,neutral,Pero cuando ya estas discusas habï¿½ï¿½ï¿½ï¿½ï¿½ï¿½ï¿½ï¿½,Congruente
107,neutral,neutral,Pero cuando ya estas discusas habï¿½ï¿½ï¿½ï¿½ï¿½ï¿½ï¿½ï¿½,Congruente
108,fear,neutral,Pero cuando ya estas discusas habï¿½ï¿½ï¿½ï¿½ï¿½ï¿½ï¿½ï¿½,INCONGRUENCIA
109,fear,neutral,Pero cuando ya estas discusas habï¿½ï¿½ï¿½ï¿½ï¿½ï¿½ï¿½ï¿½,INCONGRUENCIA
110,neutral,neutral,[Silencio],No aplicable
111,neutral,neutral,Mi mamï¿½ï¿½ï¿½ï¿½ï¿½ï¿½ï¿½ï¿½ï,Congruente
112,sad,neutral,Mi mamï¿½ï¿½ï¿½ï¿½ï¿½ï¿½ï¿½ï¿½ï,INCONGRUENCIA
113,happy,neutral,No podï¿½ï¿½ï¿½ï¿½ï¿½ï¿½ï¿½ï¿½ï¿½ï¿½ï¿½ï¿½ï¿½ï¿½ï¿½ï¿½ï¿½ï¿½a creer que pudiera conoce,INCONGRUENCIA
114,neutral,neutral,No podï¿½ï¿½ï¿½ï¿½ï¿½ï¿½ï¿½ï¿½ï¿½ï¿½ï¿½ï¿½ï¿½ï¿½ï¿½ï¿½ï¿½ï¿½a creer que pudiera conoce,Congruente
115,happy,neutral,No podï¿½ï¿½ï¿½ï¿½ï¿½ï¿½ï¿½ï¿½ï¿½ï¿½ï¿½ï¿½ï¿½ï¿½ï¿½ï¿½ï¿½ï¿½a creer que pudiera conoce,INCONGRUENCIA
116,happy,neutral,No podï¿½ï¿½ï¿½ï¿½ï¿½ï¿½ï¿½ï¿½ï¿½ï¿½ï¿½ï¿½ï¿½ï¿½ï¿½ï¿½ï¿½ï¿½a creer que pudiera conoce,INCONGRUENCIA
117,happy,neutral,No podï¿½ï¿½ï¿½ï¿½ï¿½ï¿½ï¿½ï¿½ï¿½ï¿½ï¿½ï¿½ï¿½ï¿½ï¿½ï¿½ï¿½ï¿½a creer que pudiera conoce,INCONGRUENCIA
118,sad,neutral,[Silencio],No aplicable
119,fear,neutral,Es verdad que en las redes cada uno elige lo que quiere mostrar.,INCONGRUENCIA
120,fear,neutral,Es verdad que en las redes cada uno elige lo que quiere mostrar.,INCONGRUENCIA
121,happy,neutral,Es verdad que en las redes cada uno elige lo que quiere mostrar.,INCONGRUENCIA
122,sad,neutral,[Silencio],No aplicable
123,sad,neutral,Que no porque estï¿½ï¿½ï¿½ï¿½ï¿½ï¿½ï¿½ï¿½ï¿½ï¿½ï¿½ï¿½ï¿,INCONGRUENCIA
124,sad,neutral,Que no porque estï¿½ï¿½ï¿½ï¿½ï¿½ï¿½ï¿½ï¿½ï¿½ï¿½ï¿½ï¿½ï¿,INCONGRUENCIA
125,neutral,neutral,Que no porque estï¿½ï¿½ï¿½ï¿½ï¿½ï¿½ï¿½ï¿½ï¿½ï¿½ï¿½ï¿½ï¿,Congruente
126,sad,neutral,[Silencio],No aplicable
127,fear,neutral,Pero aï¿½ï¿½ï¿½ï¿½ï¿½ï¿½ï¿½ï¿½ï¿½ï¿½ï¿½ï¿½ï¿½ï¿½ï¿½ï¿½ï¿½ï¿½n asï¿½ï¿½ï¿½ï¿½ï¿½ï¿½ï¿½ï¿½ï¿½ï¿½ï¿½ï,INCONGRUENCIA
128,fear,neutral,Pero aï¿½ï¿½ï¿½ï¿½ï¿½ï¿½ï¿½ï¿½ï¿½ï¿½ï¿½ï¿½ï¿½ï¿½ï¿½ï¿½ï¿½ï¿½n asï¿½ï¿½ï¿½ï¿½ï¿½ï¿½ï¿½ï¿½ï¿½ï¿½ï¿½ï,INCONGRUENCIA
129,neutral,neutral,Pero aï¿½ï¿½ï¿½ï¿½ï¿½ï¿½ï¿½ï¿½ï¿½ï¿½ï¿½ï¿½ï¿½ï¿½ï¿½ï¿½ï¿½ï¿½n asï¿½ï¿½ï¿½ï¿½ï¿½ï¿½ï¿½ï¿½ï¿½ï¿½ï¿½ï,Congruente
130,fear,neutral,Pero aï¿½ï¿½ï¿½ï¿½ï¿½ï¿½ï¿½ï¿½ï¿½ï¿½ï¿½ï¿½ï¿½ï¿½ï¿½ï¿½ï¿½ï¿½n asï¿½ï¿½ï¿½ï¿½ï¿½ï¿½ï¿½ï¿½ï¿½ï¿½ï¿½ï,INCONGRUENCIA
131,happy,neutral,Pero aï¿½ï¿½ï¿½ï¿½ï¿½ï¿½ï¿½ï¿½ï¿½ï¿½ï¿½ï¿½ï¿½ï¿½ï¿½ï¿½ï¿½ï¿½n asï¿½ï¿½ï¿½ï¿½ï¿½ï¿½ï¿½ï¿½ï¿½ï¿½ï¿½ï,INCONGRUENCIA
132,happy,neutral,[Silencio],No aplicable
133,sad,neutral,[Silencio],No aplicable
134,sad,neutral,Creo que hoy hay una forma fundamentalmente distinta de conocer a otras personas,INCONGRUENCIA
135,neutral,neutral,Creo que hoy hay una forma fundamentalmente distinta de conocer a otras personas,Congruente
136,fear,neutral,Creo que hoy hay una forma fundamentalmente distinta de conocer a otras personas,INCONGRUENCIA
137,happy,neutral,Creo que hoy hay una forma fundamentalmente distinta de conocer a otras personas,INCONGRUENCIA
138,fear,neutral,a comparaciï¿½ï¿½ï¿½ï¿½ï¿½ï¿½ï¿½ï¿½ï¿½ï¿½ï¿½ï¿½ï¿½ï¿½ï¿½ï¿,INCONGRUENCIA
139,neutral,neutral,a comparaciï¿½ï¿½ï¿½ï¿½ï¿½ï¿½ï¿½ï¿½ï¿½ï¿½ï¿½ï¿½ï¿½ï¿½ï¿½ï¿,Congruente
140,neutral,neutral,a comparaciï¿½ï¿½ï¿½ï¿½ï¿½ï¿½ï¿½ï¿½ï¿½ï¿½ï¿½ï¿½ï¿½ï¿½ï¿½ï¿,Congruente
141,neutral,neutral,[Silencio],No aplicable
142,sad,neutral,"Antes, todo lo que conocï¿½ï¿½ï¿½ï¿½ï¿½ï¿½ï¿½ï¿½ï¿½ï¿½ï¿½ï¿½ï¿½ï¿½ï¿½ï¿½ï¿½ï¿½ e",INCONGRUENCIA
143,neutral,neutral,"Antes, todo lo que conocï¿½ï¿½ï¿½ï¿½ï¿½ï¿½ï¿½ï¿½ï¿½ï¿½ï¿½ï¿½ï¿½ï¿½ï¿½ï¿½ï¿½ï¿½ e",Congruente
144,angry,neutral,"Antes, todo lo que conocï¿½ï¿½ï¿½ï¿½ï¿½ï¿½ï¿½ï¿½ï¿½ï¿½ï¿½ï¿½ï¿½ï¿½ï¿½ï¿½ï¿½ï¿½ e",INCONGRUENCIA
145,fear,neutral,"Antes, todo lo que conocï¿½ï¿½ï¿½ï¿½ï¿½ï¿½ï¿½ï¿½ï¿½ï¿½ï¿½ï¿½ï¿½ï¿½ï¿½ï¿½ï¿½ï¿½ e",INCONGRUENCIA
146,sad,neutral,[Silencio],No aplicable
147,neutral,neutral,Para pasar una idea general esa persona a conocer detalles.,Congruente
148,neutral,neutral,Para pasar una idea general esa persona a conocer detalles.,Congruente
149,sad,neutral,Para pasar una idea general esa persona a conocer detalles.,INCONGRUENCIA
150,sad,neutral,[Silencio],No aplicable
151,fear,neutral,[Silencio],No aplicable
152,neutral,disgust,"Hoy gracias a las redes sociales, puede decir que eso se transformï¿½ï¿½ï¿½ï¿½ï¿½ï¿½ï¿½ï¿½ï¿½ï¿½ï¿½ï¿½ï¿½ï¿½ï¿½ï¿½ï",INCONGRUENCIA
153,neutral,disgust,"Hoy gracias a las redes sociales, puede decir que eso se transformï¿½ï¿½ï¿½ï¿½ï¿½ï¿½ï¿½ï¿½ï¿½ï¿½ï¿½ï¿½ï¿½ï¿½ï¿½ï¿½ï",INCONGRUENCIA
154,sad,disgust,"Hoy gracias a las redes sociales, puede decir que eso se transformï¿½ï¿½ï¿½ï¿½ï¿½ï¿½ï¿½ï¿½ï¿½ï¿½ï¿½ï¿½ï¿½ï¿½ï¿½ï¿½ï",INCONGRUENCIA
155,neutral,disgust,"Hoy gracias a las redes sociales, puede decir que eso se transformï¿½ï¿½ï¿½ï¿½ï¿½ï¿½ï¿½ï¿½ï¿½ï¿½ï¿½ï¿½ï¿½ï¿½ï¿½ï¿½ï",INCONGRUENCIA
156,neutral,disgust,"Hoy gracias a las redes sociales, puede decir que eso se transformï¿½ï¿½ï¿½ï¿½ï¿½ï¿½ï¿½ï¿½ï¿½ï¿½ï¿½ï¿½ï¿½ï¿½ï¿½ï¿½ï",INCONGRUENCIA
157,sad,disgust,"Hoy gracias a las redes sociales, puede decir que eso se transformï¿½ï¿½ï¿½ï¿½ï¿½ï¿½ï¿½ï¿½ï¿½ï¿½ï¿½ï¿½ï¿½ï¿½ï¿½ï¿½ï",INCONGRUENCIA
158,happy,disgust,"Hoy gracias a las redes sociales, puede decir que eso se transformï¿½ï¿½ï¿½ï¿½ï¿½ï¿½ï¿½ï¿½ï¿½ï¿½ï¿½ï¿½ï¿½ï¿½ï¿½ï¿½ï",INCONGRUENCIA
159,sad,neutral,[Silencio],No aplicable
160,sad,neutral,[Silencio],No aplicable
161,sad,neutral,"Gracias a esto puedo conocer primero detalles de la persona como su personalidad, su gusto, su familia,",INCONGRUENCIA
162,neutral,neutral,"Gracias a esto puedo conocer primero detalles de la persona como su personalidad, su gusto, su familia,",Congruente
163,sad,neutral,"Gracias a esto puedo conocer primero detalles de la persona como su personalidad, su gusto, su familia,",INCONGRUENCIA
164,neutral,neutral,"Gracias a esto puedo conocer primero detalles de la persona como su personalidad, su gusto, su familia,",Congruente
165,sad,neutral,"Gracias a esto puedo conocer primero detalles de la persona como su personalidad, su gusto, su familia,",INCONGRUENCIA
166,happy,neutral,"Gracias a esto puedo conocer primero detalles de la persona como su personalidad, su gusto, su familia,",INCONGRUENCIA
167,fear,neutral,sus amigos y despuï¿½ï¿½ï¿½ï¿½ï¿½ï¿½ï¿½ï¿½ï¿½ï¿½ï¿½ï¿½ï¿½ï¿½ï¿½ï¿½ï¿½ï¿½s ,INCONGRUENCIA
168,neutral,neutral,sus amigos y despuï¿½ï¿½ï¿½ï¿½ï¿½ï¿½ï¿½ï¿½ï¿½ï¿½ï¿½ï¿½ï¿½ï¿½ï¿½ï¿½ï¿½ï¿½s ,Congruente
169,fear,neutral,sus amigos y despuï¿½ï¿½ï¿½ï¿½ï¿½ï¿½ï¿½ï¿½ï¿½ï¿½ï¿½ï¿½ï¿½ï¿½ï¿½ï¿½ï¿½ï¿½s ,INCONGRUENCIA
170,neutral,neutral,sus amigos y despuï¿½ï¿½ï¿½ï¿½ï¿½ï¿½ï¿½ï¿½ï¿½ï¿½ï¿½ï¿½ï¿½ï¿½ï¿½ï¿½ï¿½ï¿½s ,Congruente
171,fear,neutral,[Silencio],No aplicable
172,neutral,neutral,"Entendiendo asï¿½ï¿½ï¿½ï¿½ï¿½ï¿½ï¿½ï¿½ï¿½ï¿½ï¿½ï¿½ï¿½ï¿½ï¿½ï¿½ï¿½ï¿½, ï¿",Congruente
173,neutral,neutral,"Entendiendo asï¿½ï¿½ï¿½ï¿½ï¿½ï¿½ï¿½ï¿½ï¿½ï¿½ï¿½ï¿½ï¿½ï¿½ï¿½ï¿½ï¿½ï¿½, ï¿",Congruente
174,neutral,neutral,"Entendiendo asï¿½ï¿½ï¿½ï¿½ï¿½ï¿½ï¿½ï¿½ï¿½ï¿½ï¿½ï¿½ï¿½ï¿½ï¿½ï¿½ï¿½ï¿½, ï¿",Congruente
175,fear,neutral,[Silencio],No aplicable
176,sad,neutral,[Silencio],No aplicable
177,fear,neutral,"Mi generaciï¿½ï¿½ï¿½ï¿½ï¿½ï¿½ï¿½ï¿½ï¿½ï¿½ï¿½ï¿½ï¿½ï¿½ï¿½ï¿½ï¿½ï¿½n, estolerante, multicult",INCONGRUENCIA
178,angry,neutral,"Mi generaciï¿½ï¿½ï¿½ï¿½ï¿½ï¿½ï¿½ï¿½ï¿½ï¿½ï¿½ï¿½ï¿½ï¿½ï¿½ï¿½ï¿½ï¿½n, estolerante, multicult",INCONGRUENCIA
179,angry,neutral,"Mi generaciï¿½ï¿½ï¿½ï¿½ï¿½ï¿½ï¿½ï¿½ï¿½ï¿½ï¿½ï¿½ï¿½ï¿½ï¿½ï¿½ï¿½ï¿½n, estolerante, multicult",INCONGRUENCIA
180,sad,neutral,"Mi generaciï¿½ï¿½ï¿½ï¿½ï¿½ï¿½ï¿½ï¿½ï¿½ï¿½ï¿½ï¿½ï¿½ï¿½ï¿½ï¿½ï¿½ï¿½n, estolerante, multicult",INCONGRUENCIA
181,angry,neutral,"Mi generaciï¿½ï¿½ï¿½ï¿½ï¿½ï¿½ï¿½ï¿½ï¿½ï¿½ï¿½ï¿½ï¿½ï¿½ï¿½ï¿½ï¿½ï¿½n, estolerante, multicult",INCONGRUENCIA
182,neutral,neutral,[Silencio],No aplicable
183,angry,neutral,Esto se potencia mucho mï¿½ï¿½ï¿½ï¿½ï¿½ï¿,INCONGRUENCIA
184,sad,neutral,Esto se potencia mucho mï¿½ï¿½ï¿½ï¿½ï¿½ï¿,INCONGRUENCIA
185,neutral,neutral,[Silencio],No aplicable
186,fear,neutral,Un ejemplo es como con la chica que me encontrï¿½ï¿½ï¿½ï¿½ï¿½ï,INCONGRUENCIA
187,neutral,neutral,Un ejemplo es como con la chica que me encontrï¿½ï¿½ï¿½ï¿½ï¿½ï,Congruente
188,sad,neutral,[Silencio],No aplicable
189,neutral,anger,No la jugue por ser trans.,INCONGRUENCIA
190,sad,neutral,[Silencio],No aplicable
191,sad,fear,Eso no funcionï¿½ï¿½ï¿½ï¿½ï¿½ï¿½ï¿½ï¿½ï¿½ï¿½ï¿½ï¿½ï¿½ï¿½ï¿½ï¿½ï¿½ï¿½ como una barrera para que yo quiera ,INCONGRUENCIA
192,neutral,fear,Eso no funcionï¿½ï¿½ï¿½ï¿½ï¿½ï¿½ï¿½ï¿½ï¿½ï¿½ï¿½ï¿½ï¿½ï¿½ï¿½ï¿½ï¿½ï¿½ como una barrera para que yo quiera ,INCONGRUENCIA
193,neutral,fear,Eso no funcionï¿½ï¿½ï¿½ï¿½ï¿½ï¿½ï¿½ï¿½ï¿½ï¿½ï¿½ï¿½ï¿½ï¿½ï¿½ï¿½ï¿½ï¿½ como una barrera para que yo quiera ,INCONGRUENCIA
194,happy,fear,Eso no funcionï¿½ï¿½ï¿½ï¿½ï¿½ï¿½ï¿½ï¿½ï¿½ï¿½ï¿½ï¿½ï¿½ï¿½ï¿½ï¿½ï¿½ï¿½ como una barrera para que yo quiera ,INCONGRUENCIA
195,fear,fear,Eso no funcionï¿½ï¿½ï¿½ï¿½ï¿½ï¿½ï¿½ï¿½ï¿½ï¿½ï¿½ï¿½ï¿½ï¿½ï¿½ï¿½ï¿½ï¿½ como una barrera para que yo quiera ,Congruente
196,neutral,neutral,[Silencio],No aplicable
197,fear,neutral,"Al contrario, encontrï¿½ï¿½ï¿½ï¿½ï¿½ï¿½ï¿½ï¿½ï¿½ï¿½ï¿½ï¿½ï¿½ï¿½ï¿½ï¿½ï¿½ï¿½ con lo que veo en el otro me ayudï¿½ï¿½ï¿½",INCONGRUENCIA
198,neutral,neutral,"Al contrario, encontrï¿½ï¿½ï¿½ï¿½ï¿½ï¿½ï¿½ï¿½ï¿½ï¿½ï¿½ï¿½ï¿½ï¿½ï¿½ï¿½ï¿½ï¿½ con lo que veo en el otro me ayudï¿½ï¿½ï¿½",Congruente
199,happy,neutral,"Al contrario, encontrï¿½ï¿½ï¿½ï¿½ï¿½ï¿½ï¿½ï¿½ï¿½ï¿½ï¿½ï¿½ï¿½ï¿½ï¿½ï¿½ï¿½ï¿½ con lo que veo en el otro me ayudï¿½ï¿½ï¿½",INCONGRUENCIA
200,sad,neutral,"Al contrario, encontrï¿½ï¿½ï¿½ï¿½ï¿½ï¿½ï¿½ï¿½ï¿½ï¿½ï¿½ï¿½ï¿½ï¿½ï¿½ï¿½ï¿½ï¿½ con lo que veo en el otro me ayudï¿½ï¿½ï¿½",INCONGRUENCIA
201,sad,neutral,"Al contrario, encontrï¿½ï¿½ï¿½ï¿½ï¿½ï¿½ï¿½ï¿½ï¿½ï¿½ï¿½ï¿½ï¿½ï¿½ï¿½ï¿½ï¿½ï¿½ con lo que veo en el otro me ayudï¿½ï¿½ï¿½",INCONGRUENCIA
202,neutral,neutral,"Al contrario, encontrï¿½ï¿½ï¿½ï¿½ï¿½ï¿½ï¿½ï¿½ï¿½ï¿½ï¿½ï¿½ï¿½ï¿½ï¿½ï¿½ï¿½ï¿½ con lo que veo en el otro me ayudï¿½ï¿½ï¿½",Congruente
203,sad,neutral,[Silencio],No aplicable
204,sad,neutral,[Silencio],No aplicable
205,sad,fear,Despuï¿½ï¿½ï¿½ï¿½ï¿½ï¿½ï¿½ï¿½ï¿½ï¿½ï¿½ï¿½ï¿½ï¿½ï¿½ï¿½ï¿½ï¿½s de hacer esta especie de challenge con mi mamï¿½ï¿½ï¿½ï¿½ï¿½ï¿½ï¿½ï¿,INCONGRUENCIA
206,happy,fear,Despuï¿½ï¿½ï¿½ï¿½ï¿½ï¿½ï¿½ï¿½ï¿½ï¿½ï¿½ï¿½ï¿½ï¿½ï¿½ï¿½ï¿½ï¿½s de hacer esta especie de challenge con mi mamï¿½ï¿½ï¿½ï¿½ï¿½ï¿½ï¿½ï¿,INCONGRUENCIA
207,angry,fear,Despuï¿½ï¿½ï¿½ï¿½ï¿½ï¿½ï¿½ï¿½ï¿½ï¿½ï¿½ï¿½ï¿½ï¿½ï¿½ï¿½ï¿½ï¿½s de hacer esta especie de challenge con mi mamï¿½ï¿½ï¿½ï¿½ï¿½ï¿½ï¿½ï¿,INCONGRUENCIA
208,sad,fear,Despuï¿½ï¿½ï¿½ï¿½ï¿½ï¿½ï¿½ï¿½ï¿½ï¿½ï¿½ï¿½ï¿½ï¿½ï¿½ï¿½ï¿½ï¿½s de hacer esta especie de challenge con mi mamï¿½ï¿½ï¿½ï¿½ï¿½ï¿½ï¿½ï¿,INCONGRUENCIA
209,sad,fear,Despuï¿½ï¿½ï¿½ï¿½ï¿½ï¿½ï¿½ï¿½ï¿½ï¿½ï¿½ï¿½ï¿½ï¿½ï¿½ï¿½ï¿½ï¿½s de hacer esta especie de challenge con mi mamï¿½ï¿½ï¿½ï¿½ï¿½ï¿½ï¿½ï¿,INCONGRUENCIA
210,angry,neutral,[Silencio],No aplicable
211,angry,neutral,Como las que hablaba de cuidar al medio ambiente.,INCONGRUENCIA
212,neutral,neutral,[Silencio],No aplicable
213,neutral,neutral,Y ahï¿½ï¿½ï¿½ï¿½ï¿½ï¿½ï¿½ï¿½ï¿½ï¿½ï¿½ï¿½ï¿½ï¿½ï¿½ï¿½ï¿½ï¿½ empecï¿½ï¿½ï¿½ï¿½ï¿½ï¿½ï¿½ï¿½ï¿½ï¿½ï¿½ï¿½ï¿½ï¿½ï¿,Congruente
214,neutral,neutral,Y ahï¿½ï¿½ï¿½ï¿½ï¿½ï¿½ï¿½ï¿½ï¿½ï¿½ï¿½ï¿½ï¿½ï¿½ï¿½ï¿½ï¿½ï¿½ empecï¿½ï¿½ï¿½ï¿½ï¿½ï¿½ï¿½ï¿½ï¿½ï¿½ï¿½ï¿½ï¿½ï¿½ï¿,Congruente
215,happy,neutral,Y ahï¿½ï¿½ï¿½ï¿½ï¿½ï¿½ï¿½ï¿½ï¿½ï¿½ï¿½ï¿½ï¿½ï¿½ï¿½ï¿½ï¿½ï¿½ empecï¿½ï¿½ï¿½ï¿½ï¿½ï¿½ï¿½ï¿½ï¿½ï¿½ï¿½ï¿½ï¿½ï¿½ï¿,INCONGRUENCIA
216,happy,neutral,Y ahï¿½ï¿½ï¿½ï¿½ï¿½ï¿½ï¿½ï¿½ï¿½ï¿½ï¿½ï¿½ï¿½ï¿½ï¿½ï¿½ï¿½ï¿½ empecï¿½ï¿½ï¿½ï¿½ï¿½ï¿½ï¿½ï¿½ï¿½ï¿½ï¿½ï¿½ï¿½ï¿½ï¿,INCONGRUENCIA
217,sad,neutral,Y ahï¿½ï¿½ï¿½ï¿½ï¿½ï¿½ï¿½ï¿½ï¿½ï¿½ï¿½ï¿½ï¿½ï¿½ï¿½ï¿½ï¿½ï¿½ empecï¿½ï¿½ï¿½ï¿½ï¿½ï¿½ï¿½ï¿½ï¿½ï¿½ï¿½ï¿½ï¿½ï¿½ï¿,INCONGRUENCIA
218,neutral,neutral,[Silencio],No aplicable
219,fear,neutral,"Y si es asï¿½ï¿½ï¿½ï¿½ï¿½ï¿½ï¿½ï¿½ï¿",INCONGRUENCIA
220,sad,neutral,[Silencio],No aplicable
221,sad,neutral,[Silencio],No aplicable
222,neutral,fear,Mientras hablaba con mi mamï¿½ï¿½ï¿½ï¿½ï¿½ï¿½ï¿½ï¿½ï¿½ï¿½ï¿½ï¿½ï¿½ï¿½ï¿½ï¿½ï¿,INCONGRUENCIA
223,sad,fear,Mientras hablaba con mi mamï¿½ï¿½ï¿½ï¿½ï¿½ï¿½ï¿½ï¿½ï¿½ï¿½ï¿½ï¿½ï¿½ï¿½ï¿½ï¿½ï¿,INCONGRUENCIA
224,neutral,fear,Mientras hablaba con mi mamï¿½ï¿½ï¿½ï¿½ï¿½ï¿½ï¿½ï¿½ï¿½ï¿½ï¿½ï¿½ï¿½ï¿½ï¿½ï¿½ï¿,INCONGRUENCIA
225,happy,fear,Mientras hablaba con mi mamï¿½ï¿½ï¿½ï¿½ï¿½ï¿½ï¿½ï¿½ï¿½ï¿½ï¿½ï¿½ï¿½ï¿½ï¿½ï¿½ï¿,INCONGRUENCIA
226,fear,neutral,[Silencio],No aplicable
227,sad,neutral,Nos preguntamos ï¿½ï¿½ï¿½ï¿½ï¿½ï¿½ï¿½ï¿½ï¿½ï¿½ï¿½ï¿½ï¿½ï¿½ï¿½ï¿½ï¿½ï¿½cï¿½ï¿½ï¿½ï¿½ï¿½ï¿½ï¿½ï¿½,INCONGRUENCIA
228,fear,neutral,Nos preguntamos ï¿½ï¿½ï¿½ï¿½ï¿½ï¿½ï¿½ï¿½ï¿½ï¿½ï¿½ï¿½ï¿½ï¿½ï¿½ï¿½ï¿½ï¿½cï¿½ï¿½ï¿½ï¿½ï¿½ï¿½ï¿½ï¿½,INCONGRUENCIA
229,sad,neutral,Nos preguntamos ï¿½ï¿½ï¿½ï¿½ï¿½ï¿½ï¿½ï¿½ï¿½ï¿½ï¿½ï¿½ï¿½ï¿½ï¿½ï¿½ï¿½ï¿½cï¿½ï¿½ï¿½ï¿½ï¿½ï¿½ï¿½ï¿½,INCONGRUENCIA
230,happy,neutral,Nos preguntamos ï¿½ï¿½ï¿½ï¿½ï¿½ï¿½ï¿½ï¿½ï¿½ï¿½ï¿½ï¿½ï¿½ï¿½ï¿½ï¿½ï¿½ï¿½cï¿½ï¿½ï¿½ï¿½ï¿½ï¿½ï¿½ï¿½,INCONGRUENCIA
231,neutral,neutral,[Silencio],No aplicable
232,happy,neutral,Y fue ahï¿½ï¿½ï¿½ï¿½ï¿½ï¿½ï¿½ï¿½ï¿½ï¿½ï¿½ï¿½ï¿½ï¿½ï¿½ï¿½ï¿½ï¿½ cuando me di cuenta de que esta forma tan distin,INCONGRUENCIA
233,happy,neutral,Y fue ahï¿½ï¿½ï¿½ï¿½ï¿½ï¿½ï¿½ï¿½ï¿½ï¿½ï¿½ï¿½ï¿½ï¿½ï¿½ï¿½ï¿½ï¿½ cuando me di cuenta de que esta forma tan distin,INCONGRUENCIA
234,fear,neutral,Y fue ahï¿½ï¿½ï¿½ï¿½ï¿½ï¿½ï¿½ï¿½ï¿½ï¿½ï¿½ï¿½ï¿½ï¿½ï¿½ï¿½ï¿½ï¿½ cuando me di cuenta de que esta forma tan distin,INCONGRUENCIA
235,happy,neutral,Y fue ahï¿½ï¿½ï¿½ï¿½ï¿½ï¿½ï¿½ï¿½ï¿½ï¿½ï¿½ï¿½ï¿½ï¿½ï¿½ï¿½ï¿½ï¿½ cuando me di cuenta de que esta forma tan distin,INCONGRUENCIA
236,sad,neutral,Y fue ahï¿½ï¿½ï¿½ï¿½ï¿½ï¿½ï¿½ï¿½ï¿½ï¿½ï¿½ï¿½ï¿½ï¿½ï¿½ï¿½ï¿½ï¿½ cuando me di cuenta de que esta forma tan distin,INCONGRUENCIA
237,fear,neutral,Y fue ahï¿½ï¿½ï¿½ï¿½ï¿½ï¿½ï¿½ï¿½ï¿½ï¿½ï¿½ï¿½ï¿½ï¿½ï¿½ï¿½ï¿½ï¿½ cuando me di cuenta de que esta forma tan distin,INCONGRUENCIA
238,sad,neutral,[Silencio],No aplicable
239,neutral,neutral,traspasï¿½ï¿½ï¿½ï¿½ï¿½ï¿½ï¿½ï¿½ï¿½ï¿½ï¿½ï¿½ï¿½ï¿½ï¿½ï¿½ï¿½ï¿½ las pantall,Congruente
240,happy,neutral,traspasï¿½ï¿½ï¿½ï¿½ï¿½ï¿½ï¿½ï¿½ï¿½ï¿½ï¿½ï¿½ï¿½ï¿½ï¿½ï¿½ï¿½ï¿½ las pantall,INCONGRUENCIA
241,fear,neutral,traspasï¿½ï¿½ï¿½ï¿½ï¿½ï¿½ï¿½ï¿½ï¿½ï¿½ï¿½ï¿½ï¿½ï¿½ï¿½ï¿½ï¿½ï¿½ las pantall,INCONGRUENCIA
242,sad,neutral,[Silencio],No aplicable
243,sad,neutral,[Silencio],No aplicable
244,sad,disgust,"Mi conducta en el mundo real, por asï¿½ï¿½ï¿½ï¿½ï¿½ï¿½ï¿½ï¿½ï¿½ï¿½ï¿½ï",INCONGRUENCIA
245,happy,disgust,"Mi conducta en el mundo real, por asï¿½ï¿½ï¿½ï¿½ï¿½ï¿½ï¿½ï¿½ï¿½ï¿½ï¿½ï",INCONGRUENCIA
246,sad,disgust,"Mi conducta en el mundo real, por asï¿½ï¿½ï¿½ï¿½ï¿½ï¿½ï¿½ï¿½ï¿½ï¿½ï¿½ï",INCONGRUENCIA
247,sad,disgust,"Mi conducta en el mundo real, por asï¿½ï¿½ï¿½ï¿½ï¿½ï¿½ï¿½ï¿½ï¿½ï¿½ï¿½ï",INCONGRUENCIA
248,neutral,neutral,[Silencio],No aplicable
249,neutral,neutral,Al encontrarme con una persona que no conozco ya no busca alguna tiqueta para encasiarlos.,Congruente
250,neutral,neutral,Al encontrarme con una persona que no conozco ya no busca alguna tiqueta para encasiarlos.,Congruente
251,angry,neutral,Al encontrarme con una persona que no conozco ya no busca alguna tiqueta para encasiarlos.,INCONGRUENCIA
252,happy,neutral,Al encontrarme con una persona que no conozco ya no busca alguna tiqueta para encasiarlos.,INCONGRUENCIA
253,neutral,neutral,"Busco conocerlo mï¿½ï¿½ï¿½ï¿½ï¿½ï¿½ï¿½ï¿½ï¿½ï¿½ï¿½ï¿½ï¿½ï¿½ï¿½ï¿½ï¿½ï¿½s en esa primera instancia. Busco",Congruente
254,neutral,neutral,"Busco conocerlo mï¿½ï¿½ï¿½ï¿½ï¿½ï¿½ï¿½ï¿½ï¿½ï¿½ï¿½ï¿½ï¿½ï¿½ï¿½ï¿½ï¿½ï¿½s en esa primera instancia. Busco",Congruente
255,neutral,neutral,"Busco conocerlo mï¿½ï¿½ï¿½ï¿½ï¿½ï¿½ï¿½ï¿½ï¿½ï¿½ï¿½ï¿½ï¿½ï¿½ï¿½ï¿½ï¿½ï¿½s en esa primera instancia. Busco",Congruente
256,happy,neutral,"Busco conocerlo mï¿½ï¿½ï¿½ï¿½ï¿½ï¿½ï¿½ï¿½ï¿½ï¿½ï¿½ï¿½ï¿½ï¿½ï¿½ï¿½ï¿½ï¿½s en esa primera instancia. Busco",INCONGRUENCIA
257,happy,neutral,"Busco conocerlo mï¿½ï¿½ï¿½ï¿½ï¿½ï¿½ï¿½ï¿½ï¿½ï¿½ï¿½ï¿½ï¿½ï¿½ï¿½ï¿½ï¿½ï¿½s en esa primera instancia. Busco",INCONGRUENCIA
258,happy,neutral,"Busco conocerlo mï¿½ï¿½ï¿½ï¿½ï¿½ï¿½ï¿½ï¿½ï¿½ï¿½ï¿½ï¿½ï¿½ï¿½ï¿½ï¿½ï¿½ï¿½s en esa primera instancia. Busco",INCONGRUENCIA
259,neutral,neutral,[Silencio],No aplicable
260,neutral,disgust,Pregunto de todo y sin jugar.,INCONGRUENCIA
261,neutral,disgust,Pregunto de todo y sin jugar.,INCONGRUENCIA
262,fear,neutral,[Silencio],No aplicable
263,neutral,disgust,Y obviamente le pido su suï¿½ï¿½ï¿½ï¿½ï¿½ï¿½ï¿½ï¿½ï¿½ï¿½ï¿½ï¿,INCONGRUENCIA
264,sad,disgust,Y obviamente le pido su suï¿½ï¿½ï¿½ï¿½ï¿½ï¿½ï¿½ï¿½ï¿½ï¿½ï¿½ï¿,INCONGRUENCIA
265,neutral,neutral,[Silencio],No aplicable
266,neutral,neutral,[Silencio],No aplicable
267,neutral,neutral,[Silencio],No aplicable
268,fear,neutral,[Silencio],No aplicable
269,fear,neutral,[Silencio],No aplicable
270,sad,neutral,[Silencio],No aplicable
271,happy,neutral,[Silencio],No aplicable
272,happy,neutral,[Silencio],No aplicable
273,fear,neutral,[Silencio],No aplicable
274,fear,neutral,[Silencio],No aplicable
275,fear,neutral,[Silencio],No aplicable
276,fear,neutral,[Silencio],No aplicable
277,fear,neutral,[Silencio],No aplicable
278,angry,neutral,[Silencio],No aplicable
279,angry,neutral,[Silencio],No aplicable
280,angry,neutral,[Silencio],No aplicable
281,angry,neutral,[Silencio],No aplicable
